{
  "hash": "e6e7de46",
  "configHash": "43f5ea91",
  "lockfileHash": "317ae17b",
  "browserHash": "b4fbaa7e",
  "optimized": {
    "@angular/common": {
      "src": "../../../../../node_modules/@angular/common/fesm2022/common.mjs",
      "file": "@angular_common.js",
      "fileHash": "5c82126e",
      "needsInterop": false
    },
    "@angular/common/http": {
      "src": "../../../../../node_modules/@angular/common/fesm2022/http.mjs",
      "file": "@angular_common_http.js",
      "fileHash": "d638ddef",
      "needsInterop": false
    },
    "@angular/core": {
      "src": "../../../../../node_modules/@angular/core/fesm2022/core.mjs",
      "file": "@angular_core.js",
      "fileHash": "d1a9661a",
      "needsInterop": false
    },
    "@angular/forms": {
      "src": "../../../../../node_modules/@angular/forms/fesm2022/forms.mjs",
      "file": "@angular_forms.js",
      "fileHash": "1fee7cbb",
      "needsInterop": false
    },
    "@angular/platform-browser": {
      "src": "../../../../../node_modules/@angular/platform-browser/fesm2022/platform-browser.mjs",
      "file": "@angular_platform-browser.js",
      "fileHash": "339c186e",
      "needsInterop": false
    },
    "@angular/router": {
      "src": "../../../../../node_modules/@angular/router/fesm2022/router.mjs",
      "file": "@angular_router.js",
      "fileHash": "92ac3ca5",
      "needsInterop": false
    },
    "@auth0/angular-jwt": {
      "src": "../../../../../node_modules/@auth0/angular-jwt/fesm2020/auth0-angular-jwt.mjs",
      "file": "@auth0_angular-jwt.js",
      "fileHash": "e46b0efb",
      "needsInterop": false
    },
    "ng-angular-popup": {
      "src": "../../../../../node_modules/ng-angular-popup/fesm2022/ng-angular-popup.mjs",
      "file": "ng-angular-popup.js",
      "fileHash": "8b7cd08d",
      "needsInterop": false
    }
  },
  "chunks": {
    "chunk-NQZXWTCR": {
      "file": "chunk-NQZXWTCR.js"
    },
    "chunk-LHTDDO4X": {
      "file": "chunk-LHTDDO4X.js"
    },
    "chunk-CVLI7GHA": {
      "file": "chunk-CVLI7GHA.js"
    },
    "chunk-P6BN7I6E": {
      "file": "chunk-P6BN7I6E.js"
    }
  }
}